[{
  "id": 1,
  "profile": "Goldarina Lisett",
  "image": "https://robohash.org/utnumquamnulla.jpg?size=50x50&set=set1",
  "currency": "Yuan Renminbi",
  "balance": 2710693
}, {
  "id": 2,
  "profile": "Marja Wodeland",
  "image": "https://robohash.org/aperiametdeleniti.bmp?size=50x50&set=set1",
  "currency": "Yuan Renminbi",
  "balance": 3340212
}, {
  "id": 3,
  "profile": "Caryn Graeme",
  "image": "https://robohash.org/ipsaeaodit.png?size=50x50&set=set1",
  "currency": "Rupiah",
  "balance": 5028249
}, {
  "id": 4,
  "profile": "La verne Bollis",
  "image": "https://robohash.org/fugiatveldolor.png?size=50x50&set=set1",
  "currency": "Pound",
  "balance": 1681855
}, {
  "id": 5,
  "profile": "Aimil Smail",
  "image": "https://robohash.org/debitisearerum.png?size=50x50&set=set1",
  "currency": "Rupiah",
  "balance": 4080000
}, {
  "id": 6,
  "profile": "Kerrie Uzielli",
  "image": "https://robohash.org/uteaducimus.png?size=50x50&set=set1",
  "currency": "Dollar",
  "balance": 5806676
}, {
  "id": 7,
  "profile": "Bobbye Stuehmeier",
  "image": "https://robohash.org/consequaturenimquia.bmp?size=50x50&set=set1",
  "currency": "Pound",
  "balance": 6268737
}, {
  "id": 8,
  "profile": "Dell Audry",
  "image": "https://robohash.org/aliquidrecusandaeneque.png?size=50x50&set=set1",
  "currency": "Zloty",
  "balance": 5241261
}, {
  "id": 9,
  "profile": "Hewitt Raund",
  "image": "https://robohash.org/omnisdeseruntvoluptatem.bmp?size=50x50&set=set1",
  "currency": "Dinar",
  "balance": 767543
}, {
  "id": 10,
  "profile": "Timothy Rosewall",
  "image": "https://robohash.org/sitmollitialaudantium.bmp?size=50x50&set=set1",
  "currency": "Yuan Renminbi",
  "balance": 5551128
}]