[
  {
    "id": 1,
    "name": "Leslie",
    "priority": "low",
    "status": "open",
    "createdAt": "7/1/2020",
    "dueAt": "10/31/2021"
  },
  {
    "id": 2,
    "name": "Gawain",
    "priority": "high",
    "status": "open",
    "createdAt": "8/16/2020",
    "dueAt": "4/30/2022"
  },
  {
    "id": 3,
    "name": "Bird",
    "priority": "medium",
    "status": "open",
    "createdAt": "10/17/2019",
    "dueAt": "10/10/2021"
  },
  {
    "id": 4,
    "name": "Ilaire",
    "priority": "low",
    "status": "open",
    "createdAt": "3/26/2020",
    "dueAt": "6/6/2022"
  },
  {
    "id": 5,
    "name": "Tiler",
    "priority": "medium",
    "status": "closed",
    "createdAt": "10/26/2019",
    "dueAt": "6/29/2022"
  },
  {
    "id": 6,
    "name": "Clarissa",
    "priority": "low",
    "status": "closed",
    "createdAt": "5/1/2020",
    "dueAt": "7/30/2022"
  },
  {
    "id": 7,
    "name": "Virginie",
    "priority": "low",
    "status": "open",
    "createdAt": "2/1/2020",
    "dueAt": "9/2/2022"
  },
  {
    "id": 8,
    "name": "Danya",
    "priority": "high",
    "status": "closed",
    "createdAt": "12/3/2019",
    "dueAt": "7/16/2022"
  },
  {
    "id": 9,
    "name": "Harv",
    "priority": "low",
    "status": "closed",
    "createdAt": "7/21/2020",
    "dueAt": "11/21/2021"
  },
  {
    "id": 10,
    "name": "Melba",
    "priority": "medium",
    "status": "closed",
    "createdAt": "1/21/2020",
    "dueAt": "11/21/2021"
  }
]